{"cameraMode":{"drawMode":0,"name":"Shaded","section":"Shading Mode"},"sceneLighting":true,"audioPlay":false,"sceneViewState":{"showFog":true,"showMaterialUpdate":false,"showSkybox":true,"showFlares":true,"showImageEffects":true,"showParticleSystems":true},"in2DMode":false,"pivot":{"x":50.64772033691406,"y":16.330881118774415,"z":11.272040367126465},"rotation":{"x":-0.628649115562439,"y":-0.00304062245413661,"z":0.002470434410497546,"w":-0.777695894241333},"size":19.266080856323243,"orthographic":false}