{"cameraMode":{"drawMode":0,"name":"Shaded","section":"Shading Mode"},"sceneLighting":true,"audioPlay":false,"sceneViewState":{"showFog":true,"showMaterialUpdate":false,"showSkybox":true,"showFlares":true,"showImageEffects":true,"showParticleSystems":true},"in2DMode":false,"pivot":{"x":51.23760223388672,"y":16.387840270996095,"z":11.590272903442383},"rotation":{"x":-0.05995113402605057,"y":-0.9012274146080017,"z":0.1323511302471161,"w":-0.40829282999038699},"size":11.360511779785157,"orthographic":false}