{"cameraMode":{"drawMode":0,"name":"Shaded","section":"Shading Mode"},"sceneLighting":true,"audioPlay":false,"sceneViewState":{"showFog":true,"showMaterialUpdate":false,"showSkybox":true,"showFlares":true,"showImageEffects":true,"showParticleSystems":true},"in2DMode":false,"pivot":{"x":51.24689483642578,"y":16.20255470275879,"z":25.052194595336915},"rotation":{"x":-0.09239690750837326,"y":-0.6550522446632385,"z":0.08118586242198944,"w":-0.7455068230628967},"size":21.688575744628908,"orthographic":false}