{"cameraMode":{"drawMode":0,"name":"Shaded","section":"Shading Mode"},"sceneLighting":false,"audioPlay":false,"sceneViewState":{"showFog":true,"showMaterialUpdate":false,"showSkybox":false,"showFlares":true,"showImageEffects":true,"showParticleSystems":true},"in2DMode":false,"pivot":{"x":-0.3664073348045349,"y":1.0992356538772584,"z":0.0},"rotation":{"x":0.015438773669302464,"y":-0.6655376553535461,"z":-0.013772762380540371,"w":-0.7460813522338867},"size":1.1564620733261109,"orthographic":false}