{"cameraMode":{"drawMode":0,"name":"Shaded","section":"Shading Mode"},"sceneLighting":false,"audioPlay":false,"sceneViewState":{"showFog":true,"showMaterialUpdate":false,"showSkybox":false,"showFlares":true,"showImageEffects":true,"showParticleSystems":true},"in2DMode":false,"pivot":{"x":50.020896911621097,"y":15.904144287109375,"z":25.421546936035158},"rotation":{"x":-0.10119160264730454,"y":-0.1347794532775879,"z":0.013833943754434586,"w":-0.9856141209602356},"size":11.796363830566407,"orthographic":false}