{"cameraMode":{"drawMode":0,"name":"Shaded","section":"Shading Mode"},"sceneLighting":false,"audioPlay":false,"sceneViewState":{"showFog":true,"showMaterialUpdate":false,"showSkybox":false,"showFlares":true,"showImageEffects":true,"showParticleSystems":true},"in2DMode":false,"pivot":{"x":49.99998474121094,"y":14.999992370605469,"z":16.461000442504884},"rotation":{"x":-0.07193799316883087,"y":-0.6006625294685364,"z":0.05439344048500061,"w":-0.794407308101654},"size":8.116823196411133,"orthographic":false}