{"cameraMode":{"drawMode":0,"name":"Shaded","section":"Shading Mode"},"sceneLighting":false,"audioPlay":false,"sceneViewState":{"showFog":true,"showMaterialUpdate":false,"showSkybox":false,"showFlares":true,"showImageEffects":true,"showParticleSystems":true},"in2DMode":false,"pivot":{"x":1.469534158706665,"y":1.0592637062072755,"z":0.07999996840953827},"rotation":{"x":-0.06073581799864769,"y":-0.6283403038978577,"z":0.04930569976568222,"w":-0.7739964127540588},"size":1.2515625953674317,"orthographic":false}